[
  {
    "Date": "2023-05-09",
    "Ranking1": "Pepe",
    "Ranking2": "Sui",
    "Ranking3": "Pepe AI",
    "Ranking4": "Ethereum",
    "Ranking5": "Arbitrum"
  },
  {
    "Date": "2023-05-10",
    "Ranking1": "Pepe",
    "Ranking2": "Ben",
    "Ranking3": "Sui",
    "Ranking4": "Arbitrum",
    "Ranking5": "Ordinals"
  },
  {
    "Date": "2023-05-11",
    "Ranking1": "Pepe",
    "Ranking2": "Milady Meme Coin",
    "Ranking3": "SCOOBY",
    "Ranking4": "Ben",
    "Ranking5": "Ordinals"
  },
  {
    "Date": "2023-05-12",
    "Ranking1": "Milady Meme Coin",
    "Ranking2": "Pepe",
    "Ranking3": "Capybara",
    "Ranking4": "Sui",
    "Ranking5": "Ordinals"
  },
  {
    "Date": "2023-05-13",
    "Ranking1": "Pepe",
    "Ranking2": "Milady Meme Coin",
    "Ranking3": "Sui",
    "Ranking4": "PulseAI",
    "Ranking5": "IL CAPO OF CRYPTO"
  },
  {
    "Date": "2023-05-14",
    "Ranking1": "Pepe",
    "Ranking2": "SAUDI PEPE",
    "Ranking3": "Milady Meme Coin",
    "Ranking4": "Homer",
    "Ranking5": "Sui"
  },
  {
    "Date": "2023-05-15",
    "Ranking1": "Pepe",
    "Ranking2": "Doge CEO",
    "Ranking3": "Homer",
    "Ranking4": "Milady Meme Coin",
    "Ranking5": "Sui"
  },
  {
    "Date": "2023-05-16",
    "Ranking1": "Pepe",
    "Ranking2": "Milady Meme Coin",
    "Ranking3": "Sui",
    "Ranking4": "Ordinals",
    "Ranking5": "Bitcoin"
  },
  {
    "Date": "2023-05-17",
    "Ranking1": "Pepe",
    "Ranking2": "Milady Meme Coin",
    "Ranking3": "SAUDI PEPE",
    "Ranking4": "Sui",
    "Ranking5": "Arbitrum"
  },
  {
    "Date": "2023-05-18",
    "Ranking1": "Pepe",
    "Ranking2": "Milady Meme Coin",
    "Ranking3": "Sui",
    "Ranking4": "Arbitrum",
    "Ranking5": "The Dons"
  },
  {
    "Date": "2023-05-19",
    "Ranking1": "Pepe",
    "Ranking2": "Sui",
    "Ranking3": "KEK",
    "Ranking4": "Arbitrum",
    "Ranking5": "The Dons"
  },
  {
    "Date": "2023-05-20",
    "Ranking1": "Pepe",
    "Ranking2": "Wagmi Coin",
    "Ranking3": "Sui",
    "Ranking4": "Arbitrum",
    "Ranking5": "Love Hate Inu"
  },
  {
    "Date": "2023-05-21",
    "Ranking1": "Pepe",
    "Ranking2": "Love Hate Inu",
    "Ranking3": "Doge CEO",
    "Ranking4": "Arbitrum",
    "Ranking5": "Sui"
  },
  {
    "Date": "2023-05-22",
    "Ranking1": "Pepe",
    "Ranking2": "Wagmi Coin",
    "Ranking3": "SAUDI PEPE",
    "Ranking4": "Sui",
    "Ranking5": "Arbitrum"
  },
  {
    "Date": "2023-05-23",
    "Ranking1": "Pepe",
    "Ranking2": "Sui",
    "Ranking3": "Shanghai Inu",
    "Ranking4": "Arbitrum",
    "Ranking5": "Renq Finance"
  },
  {
    "Date": "2023-05-24",
    "Ranking1": "Pepe",
    "Ranking2": "Sui",
    "Ranking3": "Arbitrum",
    "Ranking4": "Renq Finance",
    "Ranking5": "RefundCoin"
  },
  {
    "Date": "2023-05-25",
    "Ranking1": "Pepe",
    "Ranking2": "ChitCAT",
    "Ranking3": "Ordinal Pepe",
    "Ranking4": "Sui",
    "Ranking5": "ARPA"
  },
  {
    "Date": "2023-05-26",
    "Ranking1": "Pepe",
    "Ranking2": "ARPA",
    "Ranking3": "Shanghai Inu",
    "Ranking4": "Sui",
    "Ranking5": "Bitcoin"
  },
  {
    "Date": "2023-05-27",
    "Ranking1": "Pepe",
    "Ranking2": "Papi",
    "Ranking3": "CEO",
    "Ranking4": "PancakeSwap",
    "Ranking5": "ARPA"
  },
  {
    "Date": "2023-05-28",
    "Ranking1": "Pepe",
    "Ranking2": "PancakeSwap",
    "Ranking3": "The Simpsons Inu",
    "Ranking4": "Sui",
    "Ranking5": "ARPA"
  },
  {
    "Date": "2023-05-29",
    "Ranking1": "Pepe",
    "Ranking2": "Shanghai Inu",
    "Ranking3": "PepeDerp",
    "Ranking4": "Sui",
    "Ranking5": "Arbitrum"
  },
  {
    "Date": "2023-05-30",
    "Ranking1": "Pepe",
    "Ranking2": "PepeDerp",
    "Ranking3": "KEK",
    "Ranking4": "Linear Finance",
    "Ranking5": "Arbitrum"
  },
  {
    "Date": "2023-05-31",
    "Ranking1": "Pepe",
    "Ranking2": "Linear Finance",
    "Ranking3": "Arbitrum",
    "Ranking4": "Sui",
    "Ranking5": "XRP"
  },
  {
    "Date": "2023-06-01",
    "Ranking1": "Pepe",
    "Ranking2": "XRP",
    "Ranking3": "Bitcoin",
    "Ranking4": "Linear Finance",
    "Ranking5": "Sui"
  },
  {
    "Date": "2023-06-02",
    "Ranking1": "Pepe",
    "Ranking2": "XRP",
    "Ranking3": "Sui",
    "Ranking4": "Bitcoin",
    "Ranking5": "Linear Finance"
  },
  {
    "Date": "2023-06-03",
    "Ranking1": "Pepe",
    "Ranking2": "Linear Finance",
    "Ranking3": "Trump Inu",
    "Ranking4": "Injustice Samurai",
    "Ranking5": "XRP"
  },
  {
    "Date": "2023-06-04",
    "Ranking1": "Pepe",
    "Ranking2": "XRP",
    "Ranking3": "HONGKONG INU",
    "Ranking4": "Sui",
    "Ranking5": "Linear Finance"
  },
  {
    "Date": "2023-06-05",
    "Ranking1": "Pepe",
    "Ranking2": "Terra Classic",
    "Ranking3": "PulseAI",
    "Ranking4": "XRP",
    "Ranking5": "Sui"
  },
  {
    "Date": "2023-06-06",
    "Ranking1": "Pepe",
    "Ranking2": "BNB",
    "Ranking3": "Bitcoin",
    "Ranking4": "Terra Classic",
    "Ranking5": "Sui"
  },
  {
    "Date": "2023-06-07",
    "Ranking1": "Bitcoin",
    "Ranking2": "BNB",
    "Ranking3": "Pepe",
    "Ranking4": "Cardano",
    "Ranking5": "ChitCAT"
  },
  {
    "Date": "2023-06-08",
    "Ranking1": "Bitcoin",
    "Ranking2": "Pepe",
    "Ranking3": "Cardano",
    "Ranking4": "BNB",
    "Ranking5": "Polygon"
  },
  {
    "Date": "2023-06-09",
    "Ranking1": "Pepe",
    "Ranking2": "BNB",
    "Ranking3": "ChitCAT",
    "Ranking4": "Cardano",
    "Ranking5": "Polygon"
  },
  {
    "Date": "2023-06-10",
    "Ranking1": "ChitCAT",
    "Ranking2": "BNB",
    "Ranking3": "Pepe",
    "Ranking4": "Polygon",
    "Ranking5": "Stellar"
  },
  {
    "Date": "2023-06-11",
    "Ranking1": "BNB",
    "Ranking2": "Polygon",
    "Ranking3": "ChitCAT",
    "Ranking4": "Pepe",
    "Ranking5": "Terra Classic"
  },
  {
    "Date": "2023-06-12",
    "Ranking1": "Pepe",
    "Ranking2": "Render Token",
    "Ranking3": "BNB",
    "Ranking4": "Cardano",
    "Ranking5": "Polygon"
  },
  {
    "Date": "2023-06-13",
    "Ranking1": "Pepe",
    "Ranking2": "BNB",
    "Ranking3": "Polygon",
    "Ranking4": "Cardano",
    "Ranking5": "Terra Classic"
  },
  {
    "Date": "2023-06-14",
    "Ranking1": "Pepe",
    "Ranking2": "Jesus",
    "Ranking3": "Terra Classic",
    "Ranking4": "Polygon",
    "Ranking5": "XRP"
  },
  {
    "Date": "2023-06-15",
    "Ranking1": "Pepe",
    "Ranking2": "Cardano",
    "Ranking3": "Polygon",
    "Ranking4": "Terra Classic",
    "Ranking5": "XRP"
  },
  {
    "Date": "2023-06-16",
    "Ranking1": "Pepe",
    "Ranking2": "IoTeX",
    "Ranking3": "Bitcoin",
    "Ranking4": "Big Eyes",
    "Ranking5": "Tether"
  },
  {
    "Date": "2023-06-17",
    "Ranking1": "Pepe",
    "Ranking2": "DISAPPOINTED DAD",
    "Ranking3": "Cardano",
    "Ranking4": "MAGIC",
    "Ranking5": "Bitcoin"
  },
  {
    "Date": "2023-06-18",
    "Ranking1": "Pepe",
    "Ranking2": "BNB",
    "Ranking3": "SquidGrow",
    "Ranking4": "Sui",
    "Ranking5": "Cardano"
  },
  {
    "Date": "2023-06-19",
    "Ranking1": "BNB",
    "Ranking2": "Sui",
    "Ranking3": "ROBO PEPE",
    "Ranking4": "Cardano",
    "Ranking5": "Pepe"
  },
  {
    "Date": "2023-06-20",
    "Ranking1": "MAGIC",
    "Ranking2": "TrueFi",
    "Ranking3": "Pepe",
    "Ranking4": "SafePal",
    "Ranking5": "Shiba Inu"
  },
  {
    "Date": "2023-06-21",
    "Ranking1": "Pepe",
    "Ranking2": "Sui",
    "Ranking3": "ELF Wallet",
    "Ranking4": "Shiba Inu",
    "Ranking5": "Ordinal Bored Ape Yacht Club"
  },
  {
    "Date": "2023-06-22",
    "Ranking1": "Bitcoin",
    "Ranking2": "Pepe",
    "Ranking3": "KEK",
    "Ranking4": "Shiba Inu",
    "Ranking5": "Ordinal Bored Ape Yacht Club"
  },
  {
    "Date": "2023-06-23",
    "Ranking1": "Pepe",
    "Ranking2": "Bitcoin",
    "Ranking3": "Shiba Inu",
    "Ranking4": "Kaspa",
    "Ranking5": "Ethereum"
  },
  {
    "Date": "2023-06-24",
    "Ranking1": "Pepe",
    "Ranking2": "Bitcoin",
    "Ranking3": "Kaspa",
    "Ranking4": "Shiba Inu",
    "Ranking5": "Ethereum"
  },
  {
    "Date": "2023-06-25",
    "Ranking1": "Pepe",
    "Ranking2": "ROBO PEPE",
    "Ranking3": "Bitcoin",
    "Ranking4": "Waves",
    "Ranking5": "Shiba Inu"
  },
  {
    "Date": "2023-06-26",
    "Ranking1": "Pepe",
    "Ranking2": "Bitcoin",
    "Ranking3": "Shiba Inu",
    "Ranking4": "Kaspa",
    "Ranking5": "Waves"
  },
  {
    "Date": "2023-06-27",
    "Ranking1": "Pepe",
    "Ranking2": "Bitcoin",
    "Ranking3": "Kaspa",
    "Ranking4": "Shiba Inu",
    "Ranking5": "Bitcoin Cash"
  },
  {
    "Date": "2023-06-28",
    "Ranking1": "Pepe",
    "Ranking2": "KEK",
    "Ranking3": "Bitcoin",
    "Ranking4": "Bitcoin Cash",
    "Ranking5": "Kaspa"
  },
  {
    "Date": "2023-06-29",
    "Ranking1": "Maverick Protocol",
    "Ranking2": "Pepe",
    "Ranking3": "Bitcoin",
    "Ranking4": "Shiba Inu",
    "Ranking5": "Bitcoin Cash"
  },
  {
    "Date": "2023-06-30",
    "Ranking1": "Maverick Protocol",
    "Ranking2": "Bitcoin Cash",
    "Ranking3": "Pepe",
    "Ranking4": "Bitcoin",
    "Ranking5": "SPACE ID"
  },
  {
    "Date": "2023-07-01",
    "Ranking1": "Pepe",
    "Ranking2": "eCash",
    "Ranking3": "Bitcoin Cash",
    "Ranking4": "Bitcoin",
    "Ranking5": "Maverick Protocol"
  }
]