[
  {
    "Date": "2023-04-09",
    "Variation": "UNCH"
  },
  {
    "Date": "2023-04-17",
    "Variation": "+0.54%"
  },
  {
    "Date": "2023-04-18",
    "Variation": "-0.34%"
  },
  {
    "Date": "2023-04-19",
    "Variation": "+0.18%"
  },
  {
    "Date": "2023-04-20",
    "Variation": "-0.16%"
  },
  {
    "Date": "2023-04-21",
    "Variation": "-0.11%"
  },
  {
    "Date": "2023-04-22",
    "Variation": "-0.11%"
  },
  {
    "Date": "2023-04-23",
    "Variation": "-0.10%"
  },
  {
    "Date": "2023-04-24",
    "Variation": "-0.46%"
  },
  {
    "Date": "2023-04-25",
    "Variation": "+0.50%"
  },
  {
    "Date": "2023-04-26",
    "Variation": "-0.41%"
  },
  {
    "Date": "2023-04-27",
    "Variation": "+0.02%"
  },
  {
    "Date": "2023-04-28",
    "Variation": "+0.17%"
  },
  {
    "Date": "2023-04-29",
    "Variation": "+0.17%"
  },
  {
    "Date": "2023-04-30",
    "Variation": "+0.01%"
  },
  {
    "Date": "2023-05-01",
    "Variation": "+0.45%"
  },
  {
    "Date": "2023-05-02",
    "Variation": "-0.22%"
  },
  {
    "Date": "2023-05-03",
    "Variation": "-0.68%"
  },
  {
    "Date": "2023-05-04",
    "Variation": "+0.08%"
  },
  {
    "Date": "2023-05-05",
    "Variation": "-0.12%"
  },
  {
    "Date": "2023-05-06",
    "Variation": "-0.12%"
  },
  {
    "Date": "2023-05-14",
    "Variation": "+0.63%"
  },
  {
    "Date": "2023-05-15",
    "Variation": "-0.24%"
  },
  {
    "Date": "2023-05-16",
    "Variation": "+0.17%"
  },
  {
    "Date": "2023-05-17",
    "Variation": "+0.28%"
  },
  {
    "Date": "2023-05-18",
    "Variation": "+0.64%"
  },
  {
    "Date": "2023-05-19",
    "Variation": "-0.38%"
  },
  {
    "Date": "2023-05-20",
    "Variation": "-0.38%"
  },
  {
    "Date": "2023-05-21",
    "Variation": "UNCH"
  },
  {
    "Date": "2023-05-22",
    "Variation": "+0.03%"
  },
  {
    "Date": "2023-05-23",
    "Variation": "+0.31%"
  },
  {
    "Date": "2023-05-24",
    "Variation": "+0.38%"
  },
  {
    "Date": "2023-05-25",
    "Variation": "+0.32%"
  },
  {
    "Date": "2023-05-26",
    "Variation": "-0.02%"
  },
  {
    "Date": "2023-05-27",
    "Variation": "-0.02%"
  },
  {
    "Date": "2023-05-28",
    "Variation": "+0.02%"
  },
  {
    "Date": "2023-05-29",
    "Variation": "+0.06%"
  },
  {
    "Date": "2023-05-30",
    "Variation": "-0.15%"
  },
  {
    "Date": "2023-05-31",
    "Variation": "+0.07%"
  },
  {
    "Date": "2023-06-01",
    "Variation": "-0.74%"
  },
  {
    "Date": "2023-06-02",
    "Variation": "+0.46%"
  },
  {
    "Date": "2023-06-03",
    "Variation": "+0.46%"
  },
  {
    "Date": "2023-06-04",
    "Variation": "+0.02%"
  },
  {
    "Date": "2023-06-05",
    "Variation": "UNCH"
  },
  {
    "Date": "2023-06-06",
    "Variation": "+0.12%"
  },
  {
    "Date": "2023-06-07",
    "Variation": "-0.01%"
  },
  {
    "Date": "2023-06-08",
    "Variation": "-0.75%"
  },
  {
    "Date": "2023-06-09",
    "Variation": "+0.20%"
  },
  {
    "Date": "2023-06-10",
    "Variation": "+0.20%"
  },
  {
    "Date": "2023-06-11",
    "Variation": "UNCH"
  },
  {
    "Date": "2023-06-12",
    "Variation": "+0.08%"
  },
  {
    "Date": "2023-06-13",
    "Variation": "-0.34%"
  },
  {
    "Date": "2023-06-14",
    "Variation": "-0.30%"
  },
  {
    "Date": "2023-06-15",
    "Variation": "-0.77%"
  },
  {
    "Date": "2023-06-16",
    "Variation": "+0.18%"
  },
  {
    "Date": "2023-06-17",
    "Variation": "+0.18%"
  },
  {
    "Date": "2023-06-18",
    "Variation": "+0.05%"
  },
  {
    "Date": "2023-06-19",
    "Variation": "+0.23%"
  },
  {
    "Date": "2023-06-20",
    "Variation": "UNCH"
  },
  {
    "Date": "2023-06-21",
    "Variation": "-0.44%"
  },
  {
    "Date": "2023-06-22",
    "Variation": "+0.32%"
  },
  {
    "Date": "2023-06-23",
    "Variation": "+0.47%"
  },
  {
    "Date": "2023-06-24",
    "Variation": "+0.47%"
  },
  {
    "Date": "2023-06-25",
    "Variation": "-0.03%"
  },
  {
    "Date": "2023-06-26",
    "Variation": "-0.14%"
  },
  {
    "Date": "2023-06-27",
    "Variation": "-0.19%"
  },
  {
    "Date": "2023-06-28",
    "Variation": "+0.47%"
  },
  {
    "Date": "2023-06-29",
    "Variation": "+0.43%"
  },
  {
    "Date": "2023-06-30",
    "Variation": "-0.41%"
  },
  {
    "Date": "2023-07-01",
    "Variation": "-0.41%"
  }
]