Date,Ranking1,Ranking2,Ranking3,Ranking1percentage,Ranking2percentage,Ranking3percentage
2023-04-09,Bitcoin,Ethereum,FintruXNetwork,-6%,-26%,52%
2023-04-17,Bitcoin,Ethereum,FintruXNetwork,2%,-8%,16%
2023-04-18,Ethereum,Bitcoin,FintruXNetwork,58%,2%,-9%
2023-04-19,Bitcoin,Ethereum,FintruXNetwork,11%,-11%,42%
2023-04-20,Bitcoin,Ethereum,FintruXNetwork,7%,-8%,-8%
2023-04-21,Bitcoin,Ethereum,Donut,13%,5%,305%
2023-04-22,Bitcoin,Ethereum,FintruXNetwork,-37%,-45%,6%
2023-04-23,Bitcoin,Ethereum,Donut,26%,-13%,51%
2023-04-24,Bitcoin,Ethereum,Donut,19%,74%,41%
2023-04-25,Bitcoin,Ethereum,FintruXNetwork,3%,-19%,-42%
2023-04-26,Bitcoin,Ethereum,Donut,-1%,-21%,700%
2023-04-27,Bitcoin,Ethereum,FintruXNetwork,-17%,-2%,11%
2023-04-28,Bitcoin,Ethereum,FintruXNetwork,9%,36%,-2%
2023-04-29,Bitcoin,Ethereum,Polygon,-10%,-41%,155%
2023-04-30,Bitcoin,Ethereum,XRP,7%,44%,88%
2023-05-01,Bitcoin,Ethereum,DEX,-4%,3%,211%
2023-05-02,Bitcoin,Ethereum,FintruXNetwork,-1%,78%,60%
2023-05-03,Bitcoin,Ethereum,FintruXNetwork,-27%,-42%,12%
2023-05-04,Bitcoin,Ethereum,FintruXNetwork,30%,30%,-24%
2023-05-05,Bitcoin,Ethereum,Litecoin,36%,68%,59%
2023-05-06,Ethereum,Bitcoin,BitcoinCash,-12%,-23%,733%
2023-05-14,Bitcoin,Ethereum,Cardano,-9%,-22%,21%
2023-05-15,Bitcoin,Ethereum,Litecoin,1%,30%,253%
2023-05-16,Bitcoin,Ethereum,FintruXNetwork,-15%,8%,45%
2023-05-17,Bitcoin,Ethereum,XRP,-4%,-46%,91%
2023-05-18,Bitcoin,Ethereum,FintruXNetwork,25%,52%,98%
2023-05-19,Bitcoin,Ethereum,FintruXNetwork,-27%,-34%,2%
2023-05-20,Bitcoin,Ethereum,XRP,2%,22%,-9%
2023-05-21,Bitcoin,Ethereum,FintruXNetwork,17%,27%,84%
2023-05-22,Bitcoin,Ethereum,Donut,2%,-33%,-7%
2023-05-23,Bitcoin,Ethereum,FintruXNetwork,-14%,20%,231%
2023-05-24,Bitcoin,Ethereum,FintruXNetwork,-3%,7%,6%
2023-05-25,Bitcoin,Ethereum,FintruXNetwork,18%,-4%,-44%
2023-05-26,Bitcoin,Ethereum,HEX,-1%,42%,200%
2023-05-27,Bitcoin,Ethereum,FintruXNetwork,-18%,-36%,59%
2023-05-28,Bitcoin,Ethereum,Donut,-6%,0%,127%
2023-05-29,Bitcoin,Ethereum,Donut,-9%,-1%,22%
2023-05-30,Bitcoin,Ethereum,FintruXNetwork,20%,45%,49%
2023-05-31,Bitcoin,Ethereum,Cardano,15%,15%,85%
2023-06-01,Bitcoin,Ethereum,Cardano,4%,-13%,65%
2023-06-02,Bitcoin,Ethereum,FintruXNetwork,-1%,-21%,-28%
2023-06-03,Bitcoin,Ethereum,Algorand,-31%,-27%,433%
2023-06-04,Bitcoin,Ethereum,Cosmos,5%,22%,181%
2023-06-05,Bitcoin,Ethereum,FintruXNetwork,33%,9%,183%
2023-06-06,Bitcoin,Ethereum,FintruXNetwork,28%,81%,26%
2023-06-07,Bitcoin,Ethereum,FintruXNetwork,-7%,2%,17%
2023-06-08,Bitcoin,Ethereum,FintruXNetwork,-19%,-33%,-34%
2023-06-09,Bitcoin,Ethereum,FintruXNetwork,-4%,2%,12%
2023-06-10,Bitcoin,Ethereum,Cardano,113%,120%,207%
2023-06-11,Bitcoin,Ethereum,FintruXNetwork,-39%,-42%,24%
2023-06-12,Bitcoin,Ethereum,XRP,-88%,-86%,-80%
2023-06-13,Bitcoin,DEX,DAOMaker,-81%,-44%,-29%
2023-06-14,Bitcoin,Ethereum,XRP,050%,925%,300%
2023-06-15,Bitcoin,Ethereum,Tether,100%,37%,203%
2023-06-16,Bitcoin,Ethereum,"InternetComputer
",-18%,-7%,033%
2023-06-17,Bitcoin,Ethereum,FintruXNetwork,-15%,-16%,-44%
2023-06-18,Bitcoin,Ethereum,FintruXNetwork,32%,-43%,16%
2023-06-19,Bitcoin,Ethereum,FintruXNetwork,0%,49%,11%
2023-06-20,Bitcoin,Ethereum,FintruXNetwork,18%,61%,37%
2023-06-21,Bitcoin,Ethereum,Donut,5%,-13%,62%
2023-06-22,Bitcoin,Ethereum,Donut,-23%,-28%,-14%
2023-06-23,Bitcoin,Ethereum,BitcoinCash,10%,-5%,967%
2023-06-24,Bitcoin,Ethereum,BitcoinCash,-17%,-22%,-35%
2023-06-25,Bitcoin,Ethereum,FintruXNetwork,-4%,28%,15%
2023-06-26,Bitcoin,Ethereum,FintruXNetwork,-8%,-31%,33%
2023-06-27,Bitcoin,Ethereum,FintruXNetwork,25%,73%,66%
2023-06-28,Bitcoin,Ethereum,FintruXNetwork,14%,5%,0%
2023-06-29,Bitcoin,Ethereum,FintruXNetwork,-30%,-40%,4%
2023-06-30,Bitcoin,BitcoinCash,Ethereum,25%,075%,33%
2023-07-01,Bitcoin,Ethereum,Litecoin,-3%,18%,-58%
